questionExternalId,sourceLanguage,targetLanguage,questionTextSource,explanationSource,answerASource,answerBSource,answerCSource,answerDSource,questionTextTarget,explanationTarget,answerATarget,answerBTarget,answerCTarget,answerDTarget
2.7.02-028,en,uz,The noise of the exhaust has suddenly become louder than usual. What do you do?,It is likely that the exhaust system is broken or rusted. A rusted exhaust system can endanger other road users if parts fall off. The exhaust must be checked and repaired. The air filter cannot be the cause of the loud exhaust sound.,Check the exhaust system,Nothing because nobody is endangered,Renew the engine air filter,,Chiqindi tizimi shovqini to‘satdan odatdagidan balandroq bo‘ldi. Nima qilasiz?,"Chiqindi tizimi nosoz bo‘lsa, shovqin ortadi va qismlar qatnov qismiga tushib ketishi mumkin. Nosozlikni darhol ta’mirlattirish kerak.",Chiqindi tizimini darhol ta’mirlattirish,Shovqinga e’tibor bermay davom etish,Faqat sekin haydash,
2.7.02-029,en,uz,"If the horn does not work, what can be the reason?","If the horn of your vehicle does not work, it may be due to a faulty fuse or a faulty switch. A malfunction on the starter has no effect on the function of the horn.",Blown fuse,The horn's operating device is defective,Defective starter,,"Signal ishlamasa, bunga nima sabab bo‘lishi mumkin?","Signal ishlamasligiga sug‘urta kuyishi, signal qurilmasi yoki elektr ulanishidagi nosozlik sabab bo‘lishi mumkin.",Sug‘urta kuygan,Signal qurilmasi nosoz,Elektr ulanishida nosozlik bor,
2.7.02-030,en,uz,"When braking, you note that your vehicle pulls to the right. What should you do?","A defective brake system poses a significant risk, which can lead to accidents. The car driver must have the problem remedied in a specialist workshop.",I go to a car workshop,"I do not need to fix the problem, as long as I can compensate by counter-steering",I oil the brake pads,,Tormozlaganda transport vositangiz o‘ngga tortayotganini sezdingiz. Nima qilishingiz kerak?,"Tormozlar bir tomonlama ishlasa, transport vositasi yo‘ldan chiqib ketishi mumkin. Tormoz tizimini darhol ustaxonada tekshirtiring.",Tormoz tizimini darhol tekshirtirish,Faqat past tezlikda davom etish,Faqat parkovka tormozidan foydalanish,
2.7.02-031,en,uz,What can cause an excessively large brake cylinder stroke?,One cause of an excessive brake cylinder stroke is a worn out bearing of the transmission devices and a failure of the automatic slack adjuster. Too high a reservoir pressure does not affect too much brake cylinder stroke.,A defective automatic slack adjuster,Worn mountings on the transmission system,Excessively high reservoir pressure,,Tormoz silindri yurishi haddan tashqari katta bo‘lishiga nima sabab bo‘lishi mumkin?,"Tormoz silindri yurishining ortishi tormoz sozlamasi noto‘g‘ri, tormoz kolodkalari yeyilgan yoki tormoz mexanizmida nosozlik borligini bildirishi mumkin.",Tormoz sozlamasi noto‘g‘ri,Tormoz kolodkalari yeyilgan,Tormoz mexanizmi nosoz,
2.7.02-033,en,uz,The brake light of your vehicle is not working. What could be the cause of this?,"A functioning brake light is significant for the participation in traffic. If the car driver notices a fault on the vehicle, a direct replacement of the corresponding parts must take place. As a cause defective bulbs and broken fuses come into question.",The relevant fuse is defective,The bulb is defective,The fill level of the brake fluid is too low,,Transport vositangizning tormoz chirog‘i ishlamayapti. Bunga nima sabab bo‘lishi mumkin?,"Tormoz chirog‘i ishlamasligiga lampochka nosozligi, sug‘urta kuyishi yoki tormoz chirog‘i kaliti nosozligi sabab bo‘lishi mumkin.",Lampochka nosoz,Sug‘urta kuygan,Tormoz chirog‘i kaliti nosoz,
2.7.02-034,en,uz,What must you do if the oil pressure warning light fails to switch off after starting the engine?,"To avoid damage to the engine, stop the engine immediately and check the engine oil level.",I shut down the engine immediately,I check the engine oil level,I continue driving until the next oil change,,Shinalar juda tez yeyilayotganini sezdingiz. Bunga nima sabab bo‘lishi mumkin?,"Tez shina yeyilishiga noto‘g‘ri havo bosimi, g‘ildirak sozlamasi noto‘g‘ri yoki osma qismlaridagi nosozlik sabab bo‘lishi mumkin.",Shina bosimi noto‘g‘ri,G‘ildirak sozlamasi noto‘g‘ri,Osma qismlari nosoz,
2.7.02-035,en,uz,When it is necessary to check the braking system of your motorcycle immediately?,"The brake indicator light warns of a defective brake system; if it lights up while driving, you should have the vehicle checked immediately. If the brakes are applied on one side, the vehicle cannot keep to the lane. Have the brake system checked.",If the brake fluid level in the reservoir has dropped considerably,If no pressure point is felt when pulling the brake lever,If the brake control light illuminates while you are driving,,"Transport vositangizning chiroqlari ishlamasa, bunga nima sabab bo‘lishi mumkin?","Chiroqlar ishlamasligiga lampochka kuyishi, sug‘urta nosozligi yoki elektr ulanishidagi uzilish sabab bo‘lishi mumkin.",Lampochka nosoz,Sug‘urta kuygan,Elektr ulanishida nosozlik bor,
2.7.02-036,en,uz,How do you properly perform a visual check to ensure the brake lights are working?,"To make sure that both the hand and foot brake lights are working, operate and check them one after the other. If you apply both brakes at the same time, you cannot be sure that both brakes activate the brake light",- the hand and footbrake one after the other,- the hand and footbrake simultaneously,- either the handbrake or the footbrake,,"Faralar noto‘g‘ri sozlangan bo‘lsa, oqibati qanday bo‘lishi mumkin?",Noto‘g‘ri sozlangan faralar qarama-qarshi transportni qamashtirishi yoki yo‘lni yetarlicha yoritmasligi mumkin.,Qarama-qarshi transportni qamashtirishi mumkin,Yo‘l yetarli yoritilmasligi mumkin,Yoqilg‘i sarfi kamayadi,
2.7.02-037,en,uz,One of your wheels has collided heavily against a kerb. What should you note?,"If you have hit a hard obstacle, you should immediately have the tyre and rim checked for possible damage to ensure safe driving.
If the wheel has been damaged in the collision, it could have a negative effect on the vehicle's handling. If the tyre is only slightly or not obviously damaged, it could still lose air gradually.",The vehicle should be checked in a garage,The handling of the vehicle could be negatively affected,The tyre could have a slow puncture,,"Old oyna tozalagichlar yomon ishlasa, nima qilishingiz kerak?","Oyna tozalagichlar oynani toza artmasa, ko‘rinish yomonlashadi. Tozalagich rezinalarini tekshiring va zarur bo‘lsa almashtiring.",Tozalagich rezinalarini tekshirish,Zarur bo‘lsa almashtirish,Yomg‘irda tezroq haydash,
2.7.02-038,en,uz,The tail light of your vehicle is not working. What could be the cause of this?,A blown fuse or a defective bulb can be the cause of a tail light failure.,The relevant fuse is faulty,The bulb is defective,The main beam light switch is faulty,,"Tormoz pedalining qarshiligi odatdagidan yumshoq bo‘lsa, nima qilishingiz kerak?",Tormoz pedalining yumshashi tormoz tizimida havo yoki suyuqlik yo‘qotilishi borligini bildirishi mumkin. Safarni davom ettirmasdan tizimni ta’mirlattiring.,Safarni davom ettirmaslik,Tormoz tizimini ta’mirlattirish,Faqat tormoz suyuqligini to‘ldirib davom etish,
2.7.02-039,en,uz,How can you detect that a disc brake system has worn brake pads?,"The wear markings on the brake pad serve to check the wear state of the brake pads and to draw your attention to the fact that an exchange of the brake pads is required. Likewise, a low level in the brake fluid container can indicate high wear of the brake pad. Since a lot of brake fluid is directed into the brake cylinder when brake pads are worn.",By the wear marks on the brake pad,By a very low fill level in the brake fluid reservoir,By an unusually large amount of looseness in the handbrake lever,,Shinalar protektori notekis yeyilgan. Nimani tekshirtirish kerak?,"Notekis yeyilish shina bosimi, amortizatorlar yoki g‘ildirak sozlamasi bilan bog‘liq bo‘lishi mumkin.",Shina bosimini,Amortizatorlarni,G‘ildirak sozlamasini,
2.7.02-040,en,uz,Your vehicle’s brake light is not working. What is the right course of action?,"If the lamp is defective, the vehicle's brake light does not work, you should fix it immediately. If only the lamp is defective, you can exchange it yourself or have it replaced by a workshop.",I arrange for a garage to repair the vehicle,I attempt to determine the cause and repair the fault myself,I arrange for the brake fluid to be changed,,"Rulda bo‘shliq sezilsa, nima qilishingiz kerak?",Rul boshqaruvidagi bo‘shliq xavfli. Rul tizimini darhol ustaxonada tekshirtirish kerak.,Rul tizimini darhol tekshirtirish,Bo‘shliq bilan davom etish,Shina bosimini kamaytirish,
2.7.02-041,en,uz,The exhaust noise has suddenly become unusually loud. What is the right thing to do?,"Check the exhaust immediately, e.g. if it is no longer sufficiently secured, this can cause damage to the exhaust, which can make the noise louder. So make sure that any defects are repaired before you continue riding.",I immediately check the exhaust system for a faulty mounting,I ensure that any possible damage is promptly repaired,I am allowed to exceed the exhaust noise limits until my next vehicle inspection,,Tormoz tizimidagi nosozlikni nimadan bilish mumkin?,"Tormoz nazorat chirog‘i yonishi, tormoz ta’sirining kamayishi yoki transport vositasining tormozlaganda bir tomonga tortishi nosozlik belgisi bo‘lishi mumkin.",Tormoz nazorat chirog‘i yonadi,Tormoz ta’siri kamayadi,Transport vositasi tormozlaganda bir tomonga tortadi,
2.7.02-042,en,uz,You discover a considerable amount of play on the steering head bearings of your motorbike. What is the right course of action?,Significant play in the steering head bearing indicates that the bearing is broken. Have it repaired professionally before you continue riding.,- arrange for the steering head bearings to be properly repaired,- have the quick-release axle of the front wheel properly tightened,- have the handlebars properly tightened onto the clamps,,Nosoz amortizatorlar nimaga olib kelishi mumkin?,"Nosoz amortizatorlar g‘ildiraklarning yo‘l bilan ilashishini yomonlashtiradi, tormoz masofasini uzaytiradi va shinalar notekis yeyilishiga sabab bo‘lishi mumkin.",Yo‘l bilan ilashish yomonlashadi,Tormoz masofasi uzayadi,Shinalar notekis yeyilishi mumkin,
2.7.02-043,en,uz,How can you detect a fault in the steering head bearings of your motorbike?,"The steering head bearing should move smoothly and without detent points or play.
If the handlebars are difficult to turn, for example, this may be due to the steering head bearing. A stiff handlebar makes the motorbike less controllable and must therefore be repaired immediately by a specialist.",- the presence of click stop sounds,- sluggishness in the movement,- some play existing there,,"Shina havo bosimi juda past bo‘lsa, nima yuz berishi mumkin?","Havo bosimi past bo‘lsa, shina qizib ketadi, yeyilish ortadi, haydash barqarorligi yomonlashadi va yoqilg‘i sarfi oshadi.",Shina haddan tashqari qizishi mumkin,Haydash barqarorligi yomonlashadi,Yoqilg‘i sarfi oshadi,
2.7.02-044,en,uz,How can you detect your indicator is defective?,"Before setting off, check the function of the indicator by operating the indicator lever and checking that it flashes.
If the indicator light flashes faster than usual while riding, an indicator may be faulty. Correct the fault immediately.",The indicator control lamp flashes faster than normal,By performing a functionality test before moving off,The control lamp for the indicator is permanently illuminated red,,Burilish ko‘rsatkichingiz nosozligini qanday aniqlashingiz mumkin?,"Yo‘lga chiqishdan oldin ko‘rsatkichni sinab ko‘ring. Agar nazorat chirog‘i odatdagidan tezroq miltillasa, burilish ko‘rsatkichi nosoz bo‘lishi mumkin.",Burilish ko‘rsatkichi nazorat chirog‘i odatdagidan tezroq miltillaydi,Yo‘lga chiqishdan oldin funksionallik sinovi orqali,Burilish ko‘rsatkichining nazorat chirog‘i doimiy qizil yonadi,
2.7.02-045,en,uz,You can see that the free travel of the lever of the hydraulic front-wheel brake has increased considerably. What do you have to do?,"If the free distance on the brake lever of the hydraulic front brake has increased, the brake is probably defective. Have the front brake components checked and repaired immediately.",Have the components of the front-wheel brake inspected without delay,Only use the rear-wheel brake until the next inspection,Adjust the travel of the brake lever,,Gidravlik old g‘ildirak tormozi richagining bo‘sh yurishi sezilarli oshganini ko‘rdingiz. Nima qilishingiz kerak?,"Old tormoz richagi bo‘sh yurishi oshsa, tormoz nosoz bo‘lishi mumkin. Old tormoz qismlarini zudlik bilan tekshirtiring va ta’mirlating.",Old g‘ildirak tormozi qismlarini kechiktirmasdan tekshirtirish,Keyingi ko‘rikgacha faqat orqa g‘ildirak tormozidan foydalanish,Tormoz richagi yurishini sozlash,
2.7.02-046,en,uz,The tracking characteristics of your motorbike have deteriorated. What might be the cause of this?,"The rear swing arm is the movable suspension for the rear wheel. If the bearing of the rear swing arm is worn, the tracking behaviour deteriorates. Replace the bearing.
If the chain tensioners on your motorbike have been adjusted unevenly, the rear wheel may no longer be exactly in line with the front wheel and the tracking behaviour could deteriorate.",The chain tensioner was unevenly adjusted,The bearings of the swingarm have become worn,The engine idling speed is set too high,,Mototsiklingiz yo‘nalishni yomon ushlay boshladi. Bunga nima sabab bo‘lishi mumkin?,"Zanjir taranglagichlari notekis sozlangan bo‘lsa, orqa g‘ildirak old g‘ildirak bilan bir chiziqda bo‘lmasligi mumkin. Orqa mayatnik podshipniklari yeyilishi ham yo‘nalish barqarorligini yomonlashtiradi.",Zanjir taranglagichi notekis sozlangan,Mayatnik podshipniklari yeyilgan,Dvigatel bo‘sh yurish tezligi juda yuqori,
2.7.02-047,en,uz,In what road situation can a worn and therefore slippery coupling negatively affect road safety?,"You can recognise a worn and slipping clutch by the fact that it no longer engages and you can no longer shift gears properly. This is particularly problematic if you have to accelerate quickly, e.g. when overtaking on country roads or merging onto the motorway. Have the clutch repaired by a workshop.",When overtaking on main roads,While merging on the motorway,When performing an emergency braking manoeuvre,,Yeyilgan va sirpanayotgan mufta qaysi yo‘l vaziyatida yo‘l xavfsizligiga salbiy ta’sir qilishi mumkin?,"Sirpanayotgan mufta tez tezlanish kerak bo‘lgan vaziyatlarda, masalan asosiy yo‘llarda quvib o‘tishda yoki avtomagistralga qo‘shilishda xavfli.",Asosiy yo‘llarda quvib o‘tishda,Avtomagistralga qo‘shilishda,Favqulodda tormozlashda,
2.7.02-048,en,uz,You are on a lengthy journey and stop to refuel. What checks should you perform on your motorbike at this time?,"Before starting longer rides, you should check your lights and tyres. You should also check that your luggage is properly secured before starting off and at every stop.",- my tyres,- my lights,- the fastening of my luggage,,Uzoq safarda yoqilg‘i quyish uchun to‘xtadingiz. Shu paytda mototsiklingizda qanday tekshiruvlarni bajarishingiz kerak?,"Uzoq safarda har bir to‘xtashda shinalar, chiroqlar va bagaj mahkamlanganini tekshiring.",- shinalarimni,- chiroqlarimni,- bagajim mahkamlanganini,
2.7.02-049,en,uz,A display on your liquid-cooled vehicle indicates an excessively high engine temperature. What should you do now?,Stop as quickly as possible at a suitable location and switch off the engine to prevent engine damage due to overheating.,I stop at a suitable place as quickly as possible,I drive on slowly at a high engine speed to improve the engine cooling,I continue onwards in a low gear until I reach my next scheduled driving break,,Suyuqlik bilan sovutiladigan transport vositangizda dvigatel harorati juda yuqori ekani ko‘rsatildi. Endi nima qilishingiz kerak?,Dvigatel qizib ketib shikastlanmasligi uchun imkon qadar tez mos joyda to‘xtang va dvigatelni o‘chiring.,Imkon qadar tezroq mos joyda to‘xtayman,Sovutishni yaxshilash uchun yuqori dvigatel aylanishida sekin haydashni davom ettiraman,Keyingi rejalashtirilgan tanaffusgacha past uzatmada davom etaman,
2.7.02-050,en,uz,A display on your liquid-cooled vehicle indicates that the temperature of your coolant is excessively high. What might be the cause of this?,"The reason for an excessively high coolant temperature can be sediment and dirt, as they reduce heat dissipation. 
Coolant can escape through leaks or defective seals. If you have less coolant, it heats up faster. Check your vehicle for visible leaks and have them repaired if necessary.
If the radiator fan is defective, the temperature will rise quickly. Check the radiator fan for blockages and have it replaced by a specialist if necessary.",The radiator is contaminated with dirt,The radiator fan has stopped working,There is a perforation in the radiator system,,Suyuqlik bilan sovutiladigan transport vositangizda sovutish suyuqligi harorati juda yuqori ekani ko‘rsatildi. Bunga nima sabab bo‘lishi mumkin?,"Radiator ifloslanishi issiqlik chiqarishni kamaytiradi. Ventilyator ishlamasa yoki tizimda teshik/sizish bo‘lsa, sovutish suyuqligi harorati ko‘tariladi.",Radiator kir bilan ifloslangan,Radiator ventilyatori ishlamayapti,Sovutish tizimida teshik bor,
2.7.02-051,en,uz,What can negatively affect your motorbike's stability on the road?,"A worn steering head bearing leads to play in the steering. The riding stability of your motorbike could be worse, especially when cornering.
If your shock absorbers are worn out, they can no longer compensate for bumps in the road. The grip of the tyres on the road can be reduced and the riding stability of your motorbike deteriorates.",Loose steering head bearings,A worn shock absorber,A perforated exhaust system,,Mototsiklingizning yo‘lda barqarorligiga nima salbiy ta’sir qilishi mumkin?,Rul bosh podshipniklari bo‘shashi yoki amortizator yeyilishi mototsikl barqarorligini yomonlashtiradi. Teshilgan chiqindi tizimi barqarorlikka asosiy ta’sir qilmaydi.,Bo‘shashgan rul bosh podshipniklari,Yeyilgan amortizator,Teshilgan chiqindi tizimi,
2.7.02-052,en,uz,Your motorbike is liquid-cooled. What should you be sure you do?,"You should check the coolant level regularly and refill if necessary to prevent the engine from overheating.
Blockages and dirt can impair the function of the radiator. Avoid this by keeping the outer surfaces clean.",Regularly check the coolant level,Regularly clean the outer surface of the cooler,Top it up with coolant at every refuelling stop,,Mototsiklingiz suyuqlik bilan sovutiladi. Nimani albatta bajarishingiz kerak?,Sovutish suyuqligi darajasini muntazam tekshiring va radiator tashqi yuzasini toza tuting. Har bir yoqilg‘i quyishda suyuqlik to‘ldirish shart emas.,Sovutish suyuqligi darajasini muntazam tekshirish,Radiatorning tashqi yuzasini muntazam tozalash,Har bir yoqilg‘i quyishda sovutish suyuqligini to‘ldirish,
2.7.02-103,en,uz,The steering wheel is harder to turn than usual. What can cause this?,"If the steering is stiff, a defect in the steering gear can be the cause. Also, the failure of power steering can cause the steering wheel to be moved more difficult than normal. You have a similar effect with too low tire pressure, but not too high.",Defective steering gear,Servo-steering is not working,Tyre pressure is too high,,Transport vositangizning rulida tebranish paydo bo‘ldi. Bunga nima sabab bo‘lishi mumkin?,"Rul tebranishiga g‘ildirak balansining buzilishi, shina shikastlanishi yoki rul boshqaruvi/old o‘qdagi nosozliklar sabab bo‘lishi mumkin.",G‘ildiraklar balanslanmagan,Shinalar shikastlangan,Rul boshqaruvi yoki old o‘q nosoz,
2.7.02-107,en,uz,The brakes on your car are pulling strongly to one side. What effects can this have when you are braking?,"If the brake on the car has a strong one-sided effect, this has a significant negative effect on the drivability of the vehicle. The vehicle may break sideways into adjacent lanes or start skidding. The braking distance gets longer. The antilocking system remains functional.",Your car can veer to the side,Longer braking distance,Anti-lock braking system (ABS) fails,,"Amortizatorlar nosoz bo‘lsa, bu nimaga olib kelishi mumkin?","Nosoz amortizatorlar g‘ildiraklarning yo‘lga ilashishini yomonlashtiradi, tormoz masofasini uzaytiradi va transport vositasi barqarorligini kamaytiradi.",Tormoz masofasi uzayishi mumkin,Haydash barqarorligi yomonlashadi,Yoqilg‘i bak hajmi kamayadi,
2.7.02-109,en,uz,"When you press on the brake pedal, it touches the floor. Only when you press on it several times does the pedal travel become shorter. What must you do?","If the brake pedal can be pushed down to the floor of the vehicle and the pedal travel becomes shorter after repeatedly stepping on it, there is air in the brake system. This means that the brake has to be serviced and repaired immediately. It's not possible to continue your journey. Also, refilling the brake fluid does not solve the problem.",Park the car immediately,Have the brakes repaired,It is sufficient to fill up the brake fluid,,Avtomobilingizda tormoz pedalining yurishi odatdagidan uzunlashdi. Nima qilishingiz kerak?,"Tormoz pedalining yurishi uzunlashishi tormoz tizimi nosozligini bildiradi. Safarni davom ettirmasdan, tizimni tekshirtirish kerak.",Tormoz tizimini darhol tekshirtirish,"Tezroq haydab, tormozlarni quritish",Keyingi servisgacha ehtiyotkor haydash,
2.7.02-112,en,uz,The brake lights do not function. What do you do?,A defect in the brake lights must be rectified immediately in order not to endanger anyone on the road and to avoid accidents. Defective bulbs or broken fuses can be a cause for malfunctioning brake lights.,Repair them immediately,Renew the brake fluid,,,Shina yon devoridagi shikastlanish nega xavfli?,Yon devor shikastlanishi shinaning yorilishiga olib kelishi mumkin. Shina barqarorligi kamayadi va avariya xavfi ortadi.,Shina yorilishi mumkin,Haydash barqarorligi kamayadi,Yoqilg‘i sarfi doimo kamayadi,
2.7.02-113,en,uz,How can you tell while driving that an indicator lamp is not working?,"A faulty indicator is noticeable because the indicator light in the instrument display flashes much faster than usual. As a driver, you are able to quickly identify the defect while driving.",The indicator signal light will flash faster than usual,You cannot detect a defective indicator lamp while driving,,,G‘ildirak boltlarini noto‘g‘ri tortish nimaga olib kelishi mumkin?,G‘ildirak boltlarining juda bo‘sh yoki noto‘g‘ri tortilishi g‘ildirakning bo‘shashishi yoki tushib ketishiga olib kelishi mumkin.,G‘ildirak bo‘shashishi mumkin,G‘ildirak tushib ketishi mumkin,Dvigatel quvvati ortadi,
2.7.02-114,en,uz,You are driving in the dark with dipped headlights. Oncoming traffic flash their headlights at you. What can this mean?,If the oncoming driver is turning the headlights up and dips them again this is a typical sign that you are dazzling oncoming traffic with your front lights. The reason for this are incorrectly set head lamps or setting the headlight range in a way that does not correspond to the load condition. Do not misunderstand turning the headlights up and dipping them again as an invitation to turn on the high beam of your car.,The headlamps on your vehicle are set incorrectly and are dazzling,The light range adjustment is not adapted to your vehicle load,Other drivers are telling you to turn on your main beam,,"Tormoz disklari kuchli qizib ketgan bo‘lsa, nimani kutish mumkin?",Tormozlar qizib ketganda tormoz ta’siri kamayishi va tormoz masofasi uzayishi mumkin.,Tormoz ta’siri kamayishi mumkin,Tormoz masofasi uzayishi mumkin,Tormoz ta’siri doimo kuchayadi,
2.7.02-115,en,uz,The glass in your left outside mirror is broken. What do you do?,"On each vehicle, a left exterior mirror is mandatory. If the glass has cracked, you must replace the mirror immediately, even if all other mirrors are working properly. Only then can you continue your journey.",Renew the mirror glass,Do not renew the mirror glass because you can still partly see to the rear,,,"Shinalarda minimal protektor chuqurligi yetarli bo‘lmasa, nima qilishingiz kerak?",Minimal protektor chuqurligi yetarli bo‘lmagan shinalar yo‘lga xavf tug‘diradi va almashtirilishi kerak.,Shinalarni almashtirish,Faqat quruq yo‘lda foydalanish,Havo bosimini oshirib davom etish,
2.7.02-117,en,uz,The windscreen washer does not work. What can be the reason for this?,"If the windscreen washer does not work, it may be due to clogged nozzles or a defective fuse. However, it is also possible that there is no more water in the storing tank and therefore the windscreen washer does not work.",No water in the reservoir,Defective fuse,Blocked jets,,Oyna yuvish tizimi ishlamayapti. Bunga nima sabab bo‘lishi mumkin?,"Oyna yuvish tizimi ishlamasligiga bakda suv yo‘qligi, sug‘urta nosozligi yoki purkagich teshiklarining tiqilib qolishi sabab bo‘lishi mumkin.",Bakda suv yo‘q,Sug‘urta nosoz,Purkagich teshiklari tiqilgan,
2.7.02-118,en,uz,Too little water is coming out of the windscreen washer jets. What can cause this?,The windshield washer nozzles of your vehicle may be partially clogged if too little water comes out of them. The cause of the malfunctioning windscreen washer could also be a defect of the water pump. Too much water is not considered a cause of the error.,Jets are partly blocked,Defective washer pump,Too much water in the reservoir,,Oyna yuvish purkagichlaridan juda kam suv chiqmoqda. Bunga nima sabab bo‘lishi mumkin?,Purkagichlar qisman tiqilgan yoki yuvish nasosi nosoz bo‘lishi mumkin. Bakda suv juda ko‘p bo‘lishi sabab emas.,Purkagichlar qisman tiqilgan,Yuvish nasosi nosoz,Bakda suv juda ko‘p,
2.7.02-119,en,uz,The windscreen wipers do not wipe clean? What can be the reason for this?,"If the wipers do not wipe clean, this may be due to an oil film on the windscreen. Even worn windscreen wiper blades can affect the function of the windscreen wipers. A defect in the window heater, however, has no effect on it.",The windscreen wiper blades are worn,There is an oil film on the windscreen,The windscreen heating is defective,,Oyna tozalagichlar oynani toza artmayapti. Bunga nima sabab bo‘lishi mumkin?,Oyna tozalagich rezinalari yeyilgan yoki old oynada moyli qatlam bo‘lishi mumkin. Oyna isitkichining nosozligi bunga sabab emas.,Oyna tozalagich rezinalari yeyilgan,Old oynada moyli qatlam bor,Old oyna isitkichi nosoz,
2.7.02-120,en,uz,The windscreen wipers on your car do not function. What can be the cause of this?,"If the windscreen wipers on your car do not work, it may be due to a faulty engine in the windscreen washer system. Even a blown fuse can be the cause. By contrast, too much water is not responsible for any failure.",Blown fuse,Windscreen wiper motor defective,Too much water in the windscreen washer,,Avtomobilingizning oyna tozalagichlari ishlamayapti. Bunga nima sabab bo‘lishi mumkin?,Oyna tozalagich ishlamasligiga sug‘urta kuyishi yoki tozalagich motori nosozligi sabab bo‘lishi mumkin.,Sug‘urta kuygan,Oyna tozalagich motori nosoz,Oyna yuvish tizimida suv juda ko‘p,
2.7.02-121,en,uz,A safety belt lock does not close. What do you do?,"If the lock of a seatbelt does not close properly, you must first take care of the repair or get a replacement. Without proper operation of the seat belts driving even at low speed is not allowed because intact seat belts are mandatory.",Have the lock repaired,Nothing because the seat is equipped with an airbag,Drive at a low speed,,Xavfsizlik kamari qulfi yopilmayapti. Nima qilasiz?,"Xavfsizlik kamari qulfi ishlamasa, uni ta’mirlattirish kerak. Havo yostig‘i kamar o‘rnini bosmaydi va past tezlikda ham bunday nosozlik bilan yurish mumkin emas.",Qulfni ta’mirlattirish,"Hech narsa qilmayman, chunki o‘rindiqda havo yostig‘i bor",Past tezlikda haydayman,
2.7.02-122,en,uz,A safety belt does not roll up automatically. What can be the reason for this?,"It sometimes happens that the belt is twisted and jammed in the guide provided when unbuckling. If this happens it is not possible for the strap to roll up anymore. In addition, the device may have a defect. It then has to be repaired or replaced.",Safety belt is twisted,Automatic retractor is defective,Seat adjustment is defective,,Xavfsizlik kamari avtomatik yig‘ilmayapti. Bunga nima sabab bo‘lishi mumkin?,Kamar burilib qolgan yoki avtomatik yig‘uvchi qurilma nosoz bo‘lishi mumkin. O‘rindiq sozlagichi bunga sabab emas.,Xavfsizlik kamari burilib qolgan,Avtomatik yig‘uvchi qurilma nosoz,O‘rindiq sozlagichi nosoz,
2.7.02-123,en,uz,Your car’s steering wheel wobbles while you are driving. What can be the reason?,"If the steering wheel flutters while driving, defective shock absorbers may be the reason. They prevent vertical movements of the tires. Damage of the suspension can also be a possible cause. The same flutter effect is also caused by wheels with an imbalance.",Wheels are unbalanced,Shock absorbers are defective,Wheel suspension-spring is damaged,,Haydash paytida avtomobilingiz rul g‘ildiragi tebranmoqda. Bunga nima sabab bo‘lishi mumkin?,"Rul tebranishiga g‘ildiraklar balanslanmaganligi, amortizatorlar nosozligi yoki g‘ildirak osma prujinasi shikastlanganligi sabab bo‘lishi mumkin.",G‘ildiraklar balanslanmagan,Amortizatorlar nosoz,G‘ildirak osma prujinasi shikastlangan,
2.7.02-124,en,uz,What can be the reason for a tyre on front axle wearing on one side more than the other?,"Basically, there are two causes for the different degrees of wear of the front tires: Either the wheel alignment is not correct or an axle guide is bent. You should immediately correct the wheel alignment or carry out a repair of the axle guide.",Track alignment not in order,Steering axle is bent,,,Old o‘qdagi shinaning bir tomoni boshqasidan ko‘proq yeyilishiga nima sabab bo‘lishi mumkin?,Old shinaning bir tomonlama yeyilishiga iz/razval sozlamasi noto‘g‘ri yoki rul o‘qi qiyshayganligi sabab bo‘lishi mumkin.,G‘ildirak iz sozlamasi noto‘g‘ri,Rul o‘qi qiyshaygan,,
2.7.02-125,en,uz,What can cause excessive wear on tyres?,Improper tire pressure and suspension damage are the most common causes of excessive tire wear. Tire pressure refers to too little air pressure. This increases the abrasion. The attachment of a front spoiler does not lead to tire damage.,Damage to the wheel suspension-spring,Incorrect tyre pressure,Mounting a front spoiler,,Shinalarning haddan tashqari yeyilishiga nima sabab bo‘lishi mumkin?,Noto‘g‘ri shina bosimi va g‘ildirak osma prujinasining shikastlanishi shinalarning ortiqcha yeyilishiga sabab bo‘lishi mumkin. Old spoiler o‘rnatish sabab emas.,G‘ildirak osma prujinasi shikastlangan,Shina bosimi noto‘g‘ri,Old spoiler o‘rnatish,
2.7.02-126,en,uz,"Whilst driving, your vehicle pulls to the right. What can be the reason for this?","If your vehicle pulls to the right while driving, the wheel position may be responsible. But even a bent axle guide can be the cause. In contrast, the steering damper usually has no influence on the directional stability of your vehicle.",Steering axle bent,Wheel alignment not in order,Loose steering shock absorber,,Haydash paytida transport vositangiz o‘ngga tortmoqda. Bunga nima sabab bo‘lishi mumkin?,"Transport vositasi o‘ngga tortsa, g‘ildirak sozlamasi noto‘g‘ri yoki rul o‘qi qiyshaygan bo‘lishi mumkin. Bo‘shashgan rul amortizatori odatda asosiy sabab emas.",Rul o‘qi qiyshaygan,G‘ildirak sozlamasi noto‘g‘ri,Rul amortizatori bo‘shashgan,
2.7.02-127,en,uz,What is the impact on your vehicle if you operate the steering wheel while stationary?,Attempting to steer your vehicle while standing requires much more effort than when it's rolling. This increased effort is transferred to the entire steering including the track rod. This is more stressed than when steering while driving.,The tyre tread can be damaged,A heavy strain is exerted on the front axle mechanism,Steering is made easier,,"Transport vositasi turgan joyida rulni aylantirsangiz, bu unga qanday ta’sir qiladi?",Turgan joyda rul burish shina protektorini shikastlashi va old o‘q mexanizmiga katta yuk tushirishi mumkin. Rul yengillashmaydi.,Shina protektori shikastlanishi mumkin,Old o‘q mexanizmiga katta yuk tushadi,Rul boshqaruvi osonlashadi,
2.7.02-128,en,uz,When should you arrange for the braking system of your car to be checked?,"The brake control light warns of a defective brake system; if it lights up while driving, you should have the vehicle checked immediately. If the brakes are applied on one side, the vehicle cannot keep to the lane. Have the brake system checked.",If the brake control light illuminates while driving,If my car fails to stay in line when I brake,If I performed an emergency braking manoeuvre with my car,,Avtomobilingizning tormoz tizimini qachon tekshirtirishingiz kerak?,"Tormoz nazorat chirog‘i haydash vaqtida yonsa yoki tormozlaganda avtomobil yo‘nalishni ushlamasa, tormoz tizimini tekshirtiring. Favqulodda tormozlashning o‘zi sabab emas.",Tormoz nazorat chirog‘i haydash vaqtida yonsa,Avtomobilim tormozlaganda yo‘nalishni ushlamasa,Avtomobilim bilan favqulodda tormozlash bajargan bo‘lsam,
2.7.02-129,en,uz,"While driving, you notice that your car pulls heavily to the left when you brake. What is the right course of action?","If your vehicle behaves in an unusual way, you should always go to a workshop immediately. This way you can prevent possible accidents. Since there is obviously something wrong with your brakes, you should avoid situations in which you have to brake hard or fully.
Braking with the handbrake can cause your car to drift out of its lane. You should never do this while driving.",- have my car inspected in a garage without delay,- only continue driving at low speed,- only use the handbrake from that time on,,Haydash paytida tormozlaganda avtomobilingiz kuchli chapga tortayotganini sezdingiz. To‘g‘ri harakat qanday?,"Bu tormoz tizimi nosozligini bildiradi. Darhol ustaxonada tekshirtiring, faqat past tezlikda ehtiyotkor davom eting va qo‘l tormozidan foydalanmang.",- avtomobilimni kechiktirmasdan ustaxonada tekshirtirish,- faqat past tezlikda davom etish,- bundan buyon faqat qo‘l tormozidan foydalanish,
2.7.02-130,en,uz,Your vehicle is much more difficult to steer than usual. What is the right course of action?,"If your vehicle behaves unusually, you should always go to a garage immediately.
Further journeys would entail too much risk. You would be putting yourself and other road users in danger.",I arrange for my vehicle to be inspected by a garage without delay,"For the time being, I bear this steering behaviour in mind when continuing to drive",I reduce the tyre inflation pressure on the front axle,,Transport vositangiz rulini burish odatdagidan ancha qiyinlashdi. To‘g‘ri harakat qanday?,Bunday nosozlik xavfli. Transport vositasini kechiktirmasdan ustaxonada tekshirtiring. Shina bosimini kamaytirish yoki shunchaki moslashib haydash to‘g‘ri emas.,Transport vositamni kechiktirmasdan ustaxonada tekshirtiraman,Hozircha bunday rul xatti-harakatini hisobga olib yurishda davom etaman,Old o‘q shinalari bosimini kamaytiraman,
2.7.02-131,en,uz,You note that the tyres on your vehicle's front axle are showing uneven amounts of wear. What should be checked?,"There are several reasons for unevenly worn tyres. You should check the tyre pressure. 
A defective shock absorber or also an incorrect suspension setting can lead to uneven wear. Both should be checked at a specialist garage.",The chassis settings,The tyre inflation pressure,The shock absorbers,,Transport vositangiz old o‘qidagi shinalar notekis yeyilganini sezdingiz. Nimalar tekshirilishi kerak?,"Notekis shina yeyilishiga shassi sozlamalari, shina bosimi yoki amortizatorlar sabab bo‘lishi mumkin. Bular tekshirilishi kerak.",Shassi sozlamalari,Shina bosimi,Amortizatorlar,
2.7.02-132,en,uz,"While driving, your vehicle pulls to the right. What is the right course of action?","If your vehicle pulls to the right while driving, this could indicate incorrect tyre pressure. Check it and drive to a workshop if necessary.
Braking hard will not improve handling. It will only lead to riskier driving and could endanger you and other road users.
If your vehicle behaves abnormally, you should always go to a workshop immediately.
Further driving would involve too much risk.",I check the tyre inflation pressure and take the vehicle to a garage if necessary,I simply note the steering behaviour when I continue driving,I attempt to improve the handling by braking heavily,,Haydash paytida transport vositangiz o‘ngga tortmoqda. To‘g‘ri harakat qanday?,Avval shina bosimini tekshiring va zarur bo‘lsa ustaxonaga boring. Shunchaki moslashib yurish yoki kuchli tormoz bilan yaxshilashga urinish xavfli.,Shina bosimini tekshiraman va zarur bo‘lsa transport vositasini ustaxonaga olib boraman,Davom etishda rul xatti-harakatini shunchaki hisobga olaman,Boshqaruvni yaxshilash uchun kuchli tormozlashga urinaman,
2.7.02-133,en,uz,When must you arrange for your car to be inspected by a garage?,"If you notice any defects in your suspension or steering system, you should visit a workshop immediately. These could be very dangerous for you and others and have a negative effect on the driving behaviour and especially the safety of your car.",- to the chassis,- to the steering system,- to the paintwork,,Avtomobilingizni qachon ustaxonada tekshirtirishingiz kerak?,Shassi yoki rul tizimidagi nosozliklar xavfli va haydash xavfsizligiga salbiy ta’sir qiladi. Bunday holatda ustaxonaga murojaat qiling.,- shassida nosozlik bo‘lsa,- rul tizimida nosozlik bo‘lsa,- bo‘yoq qoplamasida nosozlik bo‘lsa,
2.7.02-134,en,uz,The indicator light is flashing much faster than usual. What could be the cause of this?,"As an indication of a defective bulb, the indicator light flashes twice as fast. You can also see the faster flashing in the vehicle cockpit. This means that you can even see that an indicator has failed while driving.",A bulb is defective,The fuse is faulty,The hazard lights are switched on,,Burilish ko‘rsatkichi chirog‘i odatdagidan ancha tez miltillayapti. Bunga nima sabab bo‘lishi mumkin?,"Burilish ko‘rsatkichi lampochkalaridan biri nosoz bo‘lsa, nazorat chirog‘i odatdagidan tezroq miltillaydi.",Lampochka nosoz,Sug‘urta nosoz,Avariya chiroqlari yoqilgan,
2.7.02-135,en,uz,When should you arrange for your car to be inspected in a garage?,"You should have your car checked by a workshop if the airbag indicator light does not go out after a short time after starting the engine. This could indicate that something is wrong with the airbag or, for example, the seat belt system. A continuous noise when braking could indicate damage to the brake system.  Normally, your car will drive straight ahead without holding the steering wheel. If you have to counter-steer all the time to stay in lane, you should have it checked by a workshop.",If there is a permanent noise when braking,If the airbag indicator light does not switch off after the engine is started,If you have to continuously counter-steer when driving in a straight line,,Avtomobilingizni qachon ustaxonada tekshirtirishingiz kerak?,"Tormozlaganda doimiy shovqin, dvigatel ishga tushgandan keyin havo yostig‘i chirog‘i o‘chmasligi yoki to‘g‘ri yurishda doimiy qarshi rul berishga majbur bo‘lish ustaxonaga murojaat qilishni talab qiladi.",Tormozlaganda doimiy shovqin bo‘lsa,Dvigatel ishga tushgandan keyin havo yostig‘i nazorat chirog‘i o‘chmasa,To‘g‘ri yurishda doimiy qarshi rul berishga majbur bo‘lsangiz,
2.7.02-136,en,uz,"When accelerating, you notice that the steering wheel trembles. How should you do here?","If the steering wheel ""flutters"" under acceleration, you should take a closer look at the front wheels. You should first check the front wheels for damage and then check whether the front wheels are still properly attached.",- front wheels for damage,- mounting of the front wheels,- steering wheel mounting,,Tezlashganda rul g‘ildiragi titrayotganini sezdingiz. Nima qilishingiz kerak?,"Tezlashganda rul titrasa, old g‘ildiraklarda shikast yoki mahkamlash muammosi bo‘lishi mumkin. Old g‘ildiraklarni va ularning mahkamlanganini tekshiring.",- old g‘ildiraklarda shikast bor-yo‘qligini,- old g‘ildiraklar mahkamlanganini,- rul g‘ildiragi mahkamlanganini,
2.7.02-137,en,uz,The front passenger seatbelt is defective. What must you do?,"A defective seat belt must be professionally replaced. As long as the seat belt is defective, the seat may no longer be used, as the person in this seat is very endangered.",I have to arrange for the seatbelt to be replaced,I may not use the seat any longer,I have to adjust the seatbelt height adjuster,,Old yo‘lovchi xavfsizlik kamari nosoz. Nima qilishingiz kerak?,"Nosoz xavfsizlik kamarini mutaxassis almashtirishi yoki ta’mirlashi kerak. Kamar nosoz bo‘lsa, bu o‘rindiqdan foydalanish mumkin emas.",Xavfsizlik kamarini almashtirtirishim kerak,Bu o‘rindiqdan endi foydalanmasligim kerak,Xavfsizlik kamari balandlik sozlagichini sozlashim kerak,
2.7.02-138,en,uz,You are driving within a built-up area during darkness. Oncoming drivers are flashing their headlights as a warning to you. What might this mean in this situation?,"If there are an oncoming vehicles, then this can be because you have switched on your high beam and that they are dazzling. However, this can also be a memory for you, because you have forgotten, for example, to turn on the low beam.",My vehicle is dazzling oncoming vehicles,I have forgotten to switch on my dipped headlights,I should turn on my main beam lights,,Qorong‘ida aholi yashash hududida ketyapsiz. Qarama-qarshi haydovchilar sizga faralarini miltillatmoqda. Bu vaziyatda bu nimani anglatishi mumkin?,"Qarama-qarshi haydovchilar faralarni miltillatib, siz ularni qamashtirayotganingizni yoki qisqa farani yoqishni unutganingizni bildirishi mumkin.",Transport vositam qarama-qarshi transportni qamashtirmoqda,Qisqa faralarni yoqishni unutganman,Uzoq faralarni yoqishim kerak,
2.7.02-139,en,uz,The indicator lamp of your car’s Electronic Stability Program (ESC) is continuously illuminated. What might this indicate?,"A permanently shining ESP warning light in the car indicates a problem with the driving dynamics control of the vehicle-a deactivation of the driving assistance system also results in a permanently bright ESP control light in many cars.
If you have not deactivated or switched off with a permanently shining ESP warning lamp, you should go to a workshop promptly to have the functioning of the driving dynamic control checked.",- has been deactivated,- is defective,- is switched on,,Avtomobilingiz elektron barqarorlik dasturi (ESC) nazorat chirog‘i doimiy yonib turibdi. Bu nimani bildirishi mumkin?,"ESC chirog‘i doimiy yonsa, tizim o‘chirilgan yoki nosoz bo‘lishi mumkin. Tizim yoqilganini bildirmaydi.",- o‘chirilgan,- nosoz,- yoqilgan,
2.7.02-140,en,uz,The seat belt for the front passenger in your car is faulty. What is the right behaviour?,"A seat with a defective seat belt may no longer be used. To do this, a defective seat belt must be professionally replaced or repaired to ensure the safety of the person in question.",I have the seat belt repaired,I do not let anyone travel in the passenger seat,I adjust the belt height adjuster,,Avtomobilingizda old yo‘lovchi xavfsizlik kamari nosoz. To‘g‘ri harakat qanday?,Nosoz xavfsizlik kamariga ega o‘rindiqdan foydalanish mumkin emas. Kamarni ta’mirlattiring yoki almashtiring.,Xavfsizlik kamarini ta’mirlattiraman,Yo‘lovchi o‘rindig‘ida hech kimni olib yurmayman,Kamar balandligi sozlagichini sozlayman,
2.7.02-202,en,uz,What can cause the filling time of an air brake system to be longer than normal?,"If the filling time of the air brake system longer than normal, please check the air tank or connections for leaks, or increase the capacity of the air compressor, because this is too low.",Leaking air tanks or connectors,Inadequate air compressor performance,Too much water in the air tanks,,Pnevmatik tormoz tizimida bosim juda tez tushib ketmoqda. Bu nimani bildirishi mumkin?,"Bosimning tez pasayishi tizimda sizish, tormoz silindri yoki quvur nosozligi borligini bildirishi mumkin.",Tizimda sizish bor,Tormoz silindri sizmoqda,Tormoz tizimi ehtimol nosoz,
2.7.02-203,en,uz,The warning device of the brake system is activated when driving. What does this mean?,"When the pressure warning device responsive while driving, it means that the brake system is probably faulty and should be repaired. The reservoir pressure is no longer sufficient and should be checked for pressure loss.",Reserve pressure is no longer adequate,The brake system is probably defective,A brake cylinder is leaking,,Pnevmatik tormoz tizimida bosim ogohlantirishi paydo bo‘ldi. Bunga nima sabab bo‘lishi mumkin?,"Zaxira bosimi yetarli emas, tormoz tizimi nosoz bo‘lishi yoki tormoz silindri sizayotgan bo‘lishi mumkin. Bosim yo‘qotilishi tekshirilishi kerak.",Zaxira bosimi endi yetarli emas,Tormoz tizimi ehtimol nosoz,Tormoz silindri sizmoqda,
2.7.02-204,en,uz,What can cause the air compressor in a braking system with a multi-circuit safety valve to deliver compressed air continuously?,"If the air compressor promotes continuously compressed air is the cause, that a connected to the multi-circuit protection valve pneumatic circuit has become leaking and the air compressor piston wear has progressed so far that the switch-off is no longer achieved.",Piston wear in the air compressor has reached the stage where the cut-off pressure is no longer reached,A compressed air circuit connected to the multi-circuit safety valve is leaking,The multi-circuit safety valve is not switching off,,Ko‘p konturli himoya klapani bo‘lgan tormoz tizimida havo kompressori doimiy siqilgan havo berishiga nima sabab bo‘lishi mumkin?,"Ulangan pnevmatik konturlardan biri sizayotgan bo‘lishi yoki kompressorda piston yeyilishi shunchalik kuchayganki, o‘chirish bosimiga erishilmayotgan bo‘lishi mumkin.",Havo kompressoridagi piston yeyilishi sabab o‘chirish bosimiga endi erishilmayapti,Ko‘p konturli himoya klapaniga ulangan pnevmatik kontur sizmoqda,Ko‘p konturli himoya klapani o‘chmayapti,
2.7.02-205,en,uz,What faults could be a possible cause of inadequate air compressor performance?,For an insufficient capacity of the air compressor faulty air compressor are eligible and belt slip or the pollution of the air filter. Water in the reservoirs is not decisive.,Slipping fan belt or soiled air filter,Damaged air compressor,Water in the reserve tanks,,Havo kompressori yetarli quvvat bermasligiga qanday nosozliklar sabab bo‘lishi mumkin?,"Havo kompressorining yetarli ishlamasligiga sirpanayotgan kamar, iflos havo filtri yoki shikastlangan kompressor sabab bo‘lishi mumkin. Zaxira baklaridagi suv asosiy sabab emas.",Ventilyator kamari sirpanishi yoki havo filtri iflos bo‘lishi,Havo kompressori shikastlangan,Zaxira baklarida suv bor,
2.7.02-208,en,uz,The compressed air system has failed in a vehicle fitted with an air-assisted hydraulic braking system. Can the vehicle still be braked by means of the service brake system?,"If the compressed air support is down at your vehicle with pressure air-assisted hydraulic braking system, you can achieve only a slight braking action despite large foot force even when the vehicle is unladen.","Even pressing your foot down hard will produce only little braking effect, also if the vehicle is unloaded",The entire service brake system becomes inoperative,"Yes, as the vacuum pump of the diesel engine replaces air assistance",,Pnevmatik yordamli gidravlik tormoz tizimli transport vositasida siqilgan havo tizimi ishlamay qoldi. Transport vositasini xizmat tormozi bilan hali tormozlash mumkinmi?,"Siqilgan havo yordami ishlamasa, hatto transport vositasi yuksiz bo‘lsa ham pedalni kuchli bosganda faqat juda kichik tormoz ta’siri hosil bo‘ladi.","Pedalni qattiq bossangiz ham, transport vositasi yuksiz bo‘lsa ham, faqat oz tormoz ta’siri bo‘ladi",Butun xizmat tormoz tizimi ishlamay qoladi,"Ha, dizel dvigatelining vakuum nasosi havo yordamini almashtiradi",
2.7.02-209,en,uz,"While driving a motor vehicle with air brake system, the line to a wheel brake cylinder at the front axle breaks. How can you notice this damage?","you can notice the damage to the lower braking effect. During braking, the double pressure gauge of front brake circuit or on the warning device. can you tell when you brake while driving the damage. All three answers are correct.",You cannot notice this damage when driving without braking,"When braking, by the warning device or the double pressure gauge of the front brake circuit",By the reduced braking action,,Pnevmatik tormoz tizimli motorli transport vositasida old o‘qdagi g‘ildirak tormoz silindriga boradigan quvur uzildi. Bu shikastni qanday sezasiz?,"Tormoz bermasdan haydashda buni sezmasligingiz mumkin. Tormozlaganda ogohlantirish qurilmasi yoki old tormoz konturi ikki ko‘rsatkichli manometri orqali, shuningdek kamaygan tormoz ta’siri orqali bilinadi.",Tormozlamasdan haydashda bu shikastni seza olmaysiz,Tormozlaganda old tormoz konturi ogohlantirish qurilmasi yoki ikki ko‘rsatkichli manometri orqali,Kamaygan tormoz ta’siri orqali,
2.7.02-210,en,uz,"While driving a motor vehicle with air brake system, a line on the reservoir of the front axle brake circuit breaks. How can you notice this damage?",you can see the damage to the lower braking effect and the double pressure gauge of the brake circuit of the front axle or the warning device. The low braking effect is not right.,By the double pressure gauge of the front axle brake circuit or by the warning device,By the reduced braking action,The spring-loaded brake is activated,,Pnevmatik tormoz tizimli motorli transport vositasida old o‘q tormoz konturi zaxira bakidagi quvur uzildi. Bu shikastni qanday sezasiz?,Bunday shikastni old o‘q tormoz konturining ikki ko‘rsatkichli manometri yoki ogohlantirish qurilmasi orqali sezish mumkin. Prujinali tormoz avtomatik ishga tushishi shart emas.,Old o‘q tormoz konturining ikki ko‘rsatkichli manometri yoki ogohlantirish qurilmasi orqali,Kamaygan tormoz ta’siri orqali,Prujinali tormoz ishga tushadi,
2.7.02-211,en,uz,What could be the effect of a strongly leaking air bellows have on road worthiness?,A heavily leaky air spring bellows can affect the braking efficiency due to wrong control pressure of the ALB (automatic load-dependent brake force control). Your vehicle is to incline on one side. Please fix it immediately.,The vehicle tilts to one side,The brake action is impaired by a incorrect control pressure of the automatic load-dependent braking force regulator (ALB),The brake line of the front brake circuit loses airpressure,,Kuchli sizayotgan havo prujina yostig‘i yo‘lga yaroqlilikka qanday ta’sir qilishi mumkin?,"Havo prujina yostig‘i kuchli sizsa, transport vositasi bir tomonga og‘ishi va ALB avtomatik yukga bog‘liq tormoz kuchi regulyatori noto‘g‘ri boshqaruv bosimi sabab tormoz ta’sirini yomonlashtirishi mumkin.",Transport vositasi bir tomonga og‘adi,Avtomatik yukga bog‘liq tormoz kuchi regulyatorining (ALB) noto‘g‘ri boshqaruv bosimi sabab tormoz ta’siri yomonlashadi,Old tormoz konturi tormoz quvuri havo bosimini yo‘qotadi,
2.7.02-212,en,uz,"When several spring leaves of a spring assembly snap, what are the effects on roadworthiness?",All three are correct. The directional stability of the vehicle is compromised at break of the spring leaves. The vehicle breaks out during braking and the adjustment of the ALB (automatic load-dependent braking force control) is distorted.,Directional stability of the vehicle is impaired,The vehicle pulls when braking,The automatic load-dependent braking force regulator (ALB) is set incorrectly,,"Prujina paketidagi bir nechta prujina yaproqlari sinsa, yo‘lga yaroqlilikka qanday ta’sir qiladi?","Prujina yaproqlari sinishi transport vositasining yo‘nalish barqarorligini yomonlashtiradi, tormozlaganda tortishga olib keladi va ALB sozlamasini buzishi mumkin.",Transport vositasining yo‘nalish barqarorligi yomonlashadi,Transport vositasi tormozlaganda bir tomonga tortadi,Avtomatik yukga bog‘liq tormoz kuchi regulyatori (ALB) noto‘g‘ri sozlanadi,
2.7.02-213,en,uz,The brake line to a wheel brake cylinder of your motor vehicle is leaking heavily. How can you detect this issue?,"If your brake line is leaking at a wheel brake cylinder, you can tell both by the noise of escaping compressed air and by the pressure warning indicator. Low braking efficiency while driving is also a clear indication and should be repaired.",From the noise generated by the escaping compressed air,From the pressure warning indicator,From the reduced braking action experienced while driving,,Transport vositangiz tormoz silindriga boradigan tormoz quvuri kuchli sizmoqda. Buni qanday aniqlaysiz?,"Tormoz quvuri sizganda chiqayotgan siqilgan havo shovqini, bosim ogohlantirish ko‘rsatkichi va haydash paytida kamaygan tormoz ta’siri orqali aniqlash mumkin.",Chiqayotgan siqilgan havo shovqini orqali,Bosim ogohlantirish ko‘rsatkichi orqali,Haydash paytida seziladigan kamaygan tormoz ta’siri orqali,
2.7.02-214,en,uz,What effect can damage to important axle suspension components have on road safety?,"If there is damage to essential components of the axle suspension, this can affect the driving behaviour, further damage can occur if it is not repaired immediately. The tyres may be washed out.",The handling can be negatively effected,The vehicle may sustain additional damage,The tyres can experience spotty wear,,O‘q osmasining muhim qismlaridagi shikastlanish yo‘l xavfsizligiga qanday ta’sir qilishi mumkin?,"O‘q osmasining muhim qismlari shikastlansa, boshqaruv yomonlashadi, boshqa qismlar ham shikastlanishi va shinalarda notekis yeyilish paydo bo‘lishi mumkin.",Boshqaruv xususiyatlari salbiy ta’sirlanishi mumkin,Transport vositasi qo‘shimcha shikastlanishi mumkin,Shinalarda dog‘-dog‘ yeyilish paydo bo‘lishi mumkin,
2.7.02-215,en,uz,What could be the possible cause of low air compressor output?,One of the reasons for the air compressor's delivery rate being too low can be contamination of the intake air filter and another a defective air compressor.,Excessive dirt in the intake air filter,Defective air compressor,Water in the reservoir tanks,,Havo kompressori quvvati past bo‘lishiga nima sabab bo‘lishi mumkin?,Havo kompressori yetarli havo bermasligiga kirish havo filtri juda iflosligi yoki kompressor nosozligi sabab bo‘lishi mumkin.,Kirish havo filtri haddan tashqari ifloslangan,Havo kompressori nosoz,Zaxira baklarida suv bor,
2.7.02-216,en,uz,What should you do if the engine temperature warning light illuminates while you are driving?,Check the operating instructions for what to do now.,"You should stop at a suitable place as soon as possible, and follow the guidelines of the manufacturer",Continue driving slowly at a higher engine speed to improve cooling,Continue driving in low gear to the next scheduled break of journey,,"Haydash vaqtida dvigatel harorati ogohlantirish chirog‘i yonsa, nima qilishingiz kerak?",Imkon qadar tezroq mos joyda to‘xtang va ishlab chiqaruvchi ko‘rsatmalariga amal qiling. Yuqori aylanishda yoki past uzatmada davom etish noto‘g‘ri.,"Imkon qadar tezroq mos joyda to‘xtab, ishlab chiqaruvchi ko‘rsatmalariga amal qilish kerak",Sovutishni yaxshilash uchun yuqori dvigatel aylanishida sekin haydashni davom ettirish,Keyingi rejalashtirilgan tanaffusgacha past uzatmada haydashni davom ettirish,
2.7.02-302,en,uz,"In a two-line braking system, what is the effect of a rupture in the emergency line to the trailer?","The trailer brake valve of a two-line braking system includes the trailer air supply to the interrupted supply line at a fraction (pressure drop), and initiates a braking of the trailer. It does not trigger automatic braking when towing.",- causes the trailer to brake,- seals off the trailer air supply from the broken emergency line,- activates automatic braking of the truck,,"Ikki quvurli tormoz tizimida tirkamaga boradigan favqulodda quvur uzilsa, nima bo‘ladi?",Ta’minot quvuri uzilganda tirkama tormoz klapani tirkama havo ta’minotini yopadi va tirkamaning tormozlanishini boshlaydi. Yuk mashinasining avtomatik tormozlanishi shart emas.,- tirkama tormozlanishiga sabab bo‘ladi,- tirkama havo ta’minotini uzilgan favqulodda quvurdan yopadi,- yuk mashinasining avtomatik tormozlanishini ishga tushiradi,
2.7.02-303,en,uz,How can you tell whether the trailer brake valve is working (air tank filled) after the parking brake has been released?,"Whether the trailer brake valve is working, you can tell by (red coupling head) go when disconnecting the supply line, the pistons of the brake cylinders of the trailer into the braking position and supply and brake lines coupled, the pistons of the brake cylinders go of the trailer, operating the brake pedal into the brake position ,","When the emergency line (red hose coupler) is disconnected, the brake cylinder pistons of the trailer go into braking position","When the emergency and service lines are coupled up, the brake cylinder pistons of the trailer go into braking position when the brake pedal is depressed","When the service line (yellow hose coupler) is disconnected, the brake cylinder pistons of the trailer go into braking position without the brake pedal being depressed",,Parkovka tormozi bo‘shatilgandan keyin tirkama tormoz klapani ishlayotganini qanday bilish mumkin?,"Qizil ta’minot liniyasi uzilganda tirkama tormoz silindrlari tormoz holatiga o‘tishi kerak. Ta’minot va boshqaruv liniyalari ulangan bo‘lsa, tormoz pedalini bosganda tirkama tormoz silindrlari tormoz holatiga o‘tadi.",Favqulodda quvur (qizil ulash boshi) ajratilganda tirkama tormoz silindrlari tormoz holatiga o‘tadi,Favqulodda va xizmat quvurlari ulanganda tormoz pedali bosilganda tirkama tormoz silindrlari tormoz holatiga o‘tadi,Xizmat quvuri (sariq ulash boshi) ajratilganda tormoz pedali bosilmasa ham tirkama tormoz silindrlari tormoz holatiga o‘tadi,
2.7.02-304,en,uz,What happens if one of the service brake circuits of a dual-circuit compressed air-braking system leaks when the vehicle is in motion?,"If one of the service brake circuits 2 of a two-circuit air brake is leaky, the air pressure supply of the leaky circle has been removed and the braking action can significantly diminish. The four-circuit protection valve secures the intact circuits against the risk of pressure drop below the safety pressure.",The air supply will escape from the leaking circuit and the braking action can diminish considerably,The four-way protection valve protects the intact circuits from pressure falling below the safety pressure,The four-way protection valve supplies the leaking circuit with additional air to compensate for the pressure loss,,"Ikki konturli pnevmatik tormoz tizimining xizmat tormoz konturlaridan biri haydash vaqtida sizsa, nima bo‘ladi?",Sizayotgan konturdan havo chiqib ketadi va tormoz ta’siri sezilarli kamayishi mumkin. To‘rt konturli himoya klapani butun konturlarni xavfsizlik bosimidan past tushishdan himoya qiladi.,Havo ta’minoti sizayotgan konturdan chiqib ketadi va tormoz ta’siri sezilarli kamayishi mumkin,To‘rt konturli himoya klapani butun konturlarni bosim xavfsizlik bosimidan past tushishidan himoya qiladi,To‘rt konturli himoya klapani bosim yo‘qotilishini qoplash uchun sizayotgan konturga qo‘shimcha havo beradi,
2.7.02-305,en,uz,The electric connections to your towing vehicle are interrupted. What device on the trailer is therefore rendered inoperable?,"When the electronic connections are interrupted, work not yet ABV EBS.",The anti-lock braking system (ABS),The electronic braking system (EBS),The traction control system (TCS),,Tortuvchi transport vositasi bilan elektr ulanishlari uzilgan. Shu sabab tirkamadagi qaysi qurilma ishlamaydi?,"Elektr ulanishi uzilgan bo‘lsa, tirkamadagi ABS va EBS ishlamasligi mumkin.",Bloklanishga qarshi tormoz tizimi (ABS),Elektron tormoz tizimi (EBS),Tortish nazorati tizimi (TCS),
2.7.02-306,en,uz,What device on the trailer will not function if the electrical connection to the towing vehicle is missing or interrupted?,"When the electronic connection to the trailer is disconnected, the electronic braking system (EBS) and the lighting are not working. Check the connection before driving.",The electronic braking system (EBS),The lighting system,The traction control system (TCS),,"Tortuvchi transport vositasi bilan elektr ulanishi yo‘q yoki uzilgan bo‘lsa, tirkamadagi qaysi qurilma ishlamaydi?","Elektr ulanishi bo‘lmasa, elektron tormoz tizimi (EBS) va yoritish tizimi ishlamaydi. Yo‘lga chiqishdan oldin ulanishni tekshiring.",Elektron tormoz tizimi (EBS),Yoritish tizimi,Tortish nazorati tizimi (TCS),
2.7.03-001,en,uz,Your motorbike is fitted with a chain drive attached to the rear wheel. What should you regularly check the chain for?,"You can check a few things on your chain yourself to minimise wear and extend the service life of your chain.
Check the slack to make sure the chain is neither too loose or too tight and check the chain for elongated or bent links.
You should also check the lubrication of the chain regularly and re-lubricate it if necessary to minimise wear and extend the service life of the chain.",The amount of slack,Its lubrication,The level of wear,,Mototsiklingiz orqa g‘ildirakka zanjirli uzatma bilan jihozlangan. Zanjirda nimani muntazam tekshirishingiz kerak?,"Zanjirda bo‘shliq, moylanish va yeyilish darajasini muntazam tekshiring. Bu yeyilishni kamaytiradi va zanjir xizmat muddatini uzaytiradi.",Bo‘shliq miqdorini,Moylanishini,Yeyilish darajasini,
2.7.03-002,en,uz,Your motorbike is fitted with a chain drive attached to the rear wheel. What do you have to be aware of when tightening the chain?,"Follow the manufacturer's instructions for all work on your motorbike or have it carried out by specialists. 
When tensioning the chain, make sure that the rear wheel remains correctly aligned. This ensures greater directional stability and avoids unnecessary tyre wear.
The slack of the chain is important and must comply with the manufacturer's specifications.",The amount of slack must meet the manufacturer’s specifications,The directional stability of the rear wheel must be secured,The chain must be grease-free during tensioning,,Mototsiklingiz orqa g‘ildirakka zanjirli uzatma bilan jihozlangan. Zanjirni taranglaganda nimani yodda tutishingiz kerak?,Zanjir bo‘shlig‘i ishlab chiqaruvchi ko‘rsatmalariga mos bo‘lishi kerak. Taranglashda orqa g‘ildirak to‘g‘ri hizalangan bo‘lishi kerak. Zanjir moysiz bo‘lishi shart emas.,Bo‘shliq miqdori ishlab chiqaruvchi ko‘rsatmalariga mos bo‘lishi kerak,Orqa g‘ildirakning yo‘nalish barqarorligi ta’minlanishi kerak,Taranglash paytida zanjir moysiz bo‘lishi kerak,
2.7.03-003,en,uz,Your motorcycle is equipped with a belt drive to the rear wheel. What should you check regularly?,"On a belt-driven motorcycle, the belt must be inspected regularly for damage and you must also check the tension of the belt.
Cracks, frays and damaged teeth can cause serious damage to your motorcycle.
Likewise, too little tension on the belt on your motorcycle can lead to loss of performance and increased material wear.",- the tension of the belt,- the belt for damage,- the lubrication of the belt,,Mototsiklingiz orqa g‘ildirakka kamarli uzatma bilan jihozlangan. Nimani muntazam tekshirishingiz kerak?,Kamarli uzatmada kamar tarangligi va shikastlanishlari muntazam tekshirilishi kerak. Kamar moylanmaydi.,- kamar tarangligini,- kamarda shikastlanish bor-yo‘qligini,- kamar moylanishini,
2.7.03-101,en,uz,What may be the result of too little coolant in the engine?,Too little coolant can lead to engine damage and should always be checked by you. Another consequence is the engine overheating. Make sure you have enough coolant.,- lead to engine damage,- lead to overheating of the engine,- lead to an increase of fuel consumption,,"Dvigatelda sovutish suyuqligi juda kam bo‘lsa, oqibati qanday bo‘lishi mumkin?","Sovutish suyuqligi yetarli bo‘lmasa, dvigatel qizib ketishi va shikastlanishi mumkin.",- dvigatel shikastlanishiga olib kelishi mumkin,- dvigatel qizib ketishiga olib kelishi mumkin,- yoqilg‘i sarfi oshishiga olib kelishi mumkin,
2.7.03-102,en,uz,"You are in a traffic jam, driving at walking speed. When is the least wear exerted on the clutch of your manual transmission vehicle?",Engage the clutch fully to avoid unnecessary wear on the clutch. Choose a gear in which you can coast without using the clutch and accelerator.,- drive in a low gear without pressing the clutch if at all possible,- repeatedly start and stop driving,- drive slowly with the clutch slipped,,Tirbandlikda piyoda tezligida ketyapsiz. Qo‘lda uzatmali transport vositangizda mufta qachon eng kam yeyiladi?,"Muftani to‘liq ulab, iloji boricha past uzatmada muftani bosmasdan harakatlansangiz, mufta kamroq yeyiladi.",- iloji boricha muftani bosmasdan past uzatmada yurish,- qayta-qayta to‘xtab-yurish,- muftani sirpantirib sekin yurish,
2.7.03-201,en,uz,Why is a diesel engine also called an self-ignition engine?,Because diesel engines get along without spark plugs of the work cycle is started by the ignition of the injected fuel in the compressed air.,Because the working stroke is started when the injected fuel ignites in contact with the compressed air,Because the working stroke is started by the pressure sensitive fuel,Because the working stroke is started by an ignition spark,,Nega dizel dvigateli o‘z-o‘zidan yonuvchi dvigatel deb ham ataladi?,Dizel dvigatelida ish takti siqilgan havoga purkalgan yoqilg‘ining o‘z-o‘zidan yonishi bilan boshlanadi. Bu yerda uchqun shamchasi ishlatilmaydi.,Chunki ish takti purkalgan yoqilg‘i siqilgan havo bilan aloqa qilganda yonishi orqali boshlanadi,Chunki ish takti bosimga sezgir yoqilg‘i bilan boshlanadi,Chunki ish takti uchqun bilan boshlanadi,
2.7.03-203,en,uz,What is the function of the camshaft in a diesel engine?,The object of the camshaft in a diesel engine is to control the valves in the engine. Depending on the shape or height of the cams they remain open or close.,To control the valves in the engine,To limit the engine speed,To control the engine temperature,,Dizel dvigatelida gaz taqsimlash valining vazifasi nima?,Gaz taqsimlash vali dvigateldagi klapanlarni boshqaradi.,Dvigateldagi klapanlarni boshqarish,Dvigatel aylanish tezligini cheklash,Dvigatel haroratini boshqarish,
2.7.03-205,en,uz,What is the function of a coolant thermostat in an engine's cooling system?,"As the name suggests, the coolant thermostat regulates the engine operating temperature. The other two answers are not correct.",To regulate the engine's operating temperature,To show the engine's operating temperature,To show coolant level in the radiator,,Dvigatel sovutish tizimidagi sovutish suyuqligi termostatining vazifasi nima?,Termostat dvigatelning ish haroratini tartibga soladi.,Dvigatelning ish haroratini tartibga solish,Dvigatelning ish haroratini ko‘rsatish,Radiatordagi sovutish suyuqligi darajasini ko‘rsatish,
2.7.03-206,en,uz,What can cause damage to an engine's cooling system in winter?,By insufficient antifreeze engine damage can occur. Please ensure that this is always filled.,Insufficient frost protection,When the coolant is not exchanged at least twice a year,No damage can be caused because closed systems do not need any servicing,,Qishda dvigatel sovutish tizimiga nima zarar yetkazishi mumkin?,"Antifriz yetarli bo‘lmasa, sovutish suyuqligi muzlab, sovutish tizimi va dvigatelga zarar yetkazishi mumkin.",Yetarli sovuqdan himoya yo‘qligi,Sovutish suyuqligi yiliga kamida ikki marta almashtirilmasa,Yopiq tizimlar xizmat talab qilmagani uchun zarar bo‘lmaydi,
2.7.03-207,en,uz,Which engine oil covers the largest range of temperatures?,"The smaller number (10) (light oil) in SAE 10 W 40 is the lowest temperature range of the oil, and the number beside the W (40) the greater viscosity for high temperatures.",SAE 10 W 40,SAE 30,SAE 10 W 30,,Qaysi dvigatel moyi eng katta harorat oralig‘ini qamrab oladi?,"SAE 10 W 40 moyi sovuqda ham oqimchan, yuqori haroratda ham yetarli yopishqoqlikka ega bo‘lib, eng keng oraliqni qamrab oladi.",SAE 10 W 40,SAE 30,SAE 10 W 30,
2.7.03-208,en,uz,Your diesel engine does not start in winter. What can be the reason for this?,"If you still summer diesel in the tank, it may be that the engine in the winter does not start because flocculate at low temperatures and cause clogging the fuel filter.",There is still some summer diesel fuel in the tank,The spark plugs do not produce ignition sparks,The ignition cables have got wet,,Dizel dvigatelingiz qishda ishga tushmayapti. Bunga nima sabab bo‘lishi mumkin?,"Bakda hali yozgi dizel qolgan bo‘lsa, past haroratda parafin ajralib, yoqilg‘i filtrini tiqib qo‘yishi mumkin.",Bakda hali yozgi dizel yoqilg‘isi bor,Uchqun shamchalari uchqun bermayapti,O‘t oldirish kabellari namlangan,
2.7.03-209,en,uz,You are driving your vehicle at walking speed in a traffic jam. In which cases is the wear on the clutch lowest?,"If you drive possible without the use of the clutch when driving in a low gear, the wear in a traffic jam, where you drive at a walking pace, the lowest.",Driving in a low gear if possible without using the clutch,Constant starting and stopping,Driving slowly with a slipping clutch,,Tirbandlikda transport vositangiz bilan piyoda tezligida ketyapsiz. Qaysi hollarda mufta eng kam yeyiladi?,Iloji boricha past uzatmada muftadan foydalanmasdan haydash mufta yeyilishini kamaytiradi.,Iloji boricha muftadan foydalanmasdan past uzatmada haydash,Doimiy to‘xtab-yurish,Muftani sirpantirib sekin yurish,
2.7.03-211,en,uz,What is the function of a differential lock?,"The differential lock distributes the drive torque evenly to the driving time, thereby preventing the compensation of the speed differences between the outer- and inner cam wheel. It improves traction considerably during slow off-road travel and slippery road surfaces.",- improves the traction during slow off-road driving and on slippery road surfaces,- distributes the drive torque evenly across the drive wheels,- improves handling during cornering,,Differensial blokirovkasining vazifasi nima?,Differensial blokirovkasi yurituvchi g‘ildiraklarga momentni teng taqsimlaydi va sekin off-road hamda sirpanchiq yo‘llarda tortishni yaxshilaydi.,- sekin off-road haydashda va sirpanchiq yo‘llarda tortishni yaxshilaydi,- yurituvchi g‘ildiraklarga momentni teng taqsimlaydi,- burilishlarda boshqaruvni yaxshilaydi,
2.7.03-212,en,uz,When it is helpful to activate the differential lock?,The differential lock you should go straight on slippery roads during slow and if you're stuck up and rotate individual drive wheels. This should be helpful.,- have become bogged down and individual drive wheels are spinning,- am slowly driving straight ahead on slippery road surfaces,- am manoeuvring on dry road surfaces,,Differensial blokirovkasini qachon yoqish foydali?,Differensial blokirovkasi transport vositasi botib qolib ayrim yurituvchi g‘ildiraklar aylanib ketganda yoki sirpanchiq yo‘lda sekin to‘g‘ri harakatlanganda foydali.,- botib qolganimda va ayrim yurituvchi g‘ildiraklar aylanib ketganda,- sirpanchiq yo‘l yuzasida sekin to‘g‘ri yurganimda,- quruq yo‘l yuzasida manevr qilayotganimda,
2.7.03-213,en,uz,When can I activate the differential lock so that this does not possibly damage the motor vehicle?,"If your car is and you drive at a walking pace, you should have no damaging effect expected.",- is stationary,- is driving at walking speed,- is understeering while taking a bend,,Differensial blokirovkasini transport vositasiga zarar yetkazmasdan qachon yoqish mumkin?,Transport vositasi turganda yoki piyoda tezligida harakatlanganda differensial blokirovkasini yoqish mumkin.,- transport vositasi turganda,- piyoda tezligida harakatlanganda,- burilishda kam burilayotgan bo‘lsa,
2.7.03-214,en,uz,What increases clutch wear in motor vehicles with a manual gearbox?,"In the case of a manual gearbox, the clutch wear increases in motor vehicles that start in a high gear (e.g. 2nd gear) and maneuvering with increased engine speed.",Starting in high gear,Manoeuvring at high engine speed,Starting in low gear,,Qo‘lda uzatmali motorli transport vositalarida mufta yeyilishini nima oshiradi?,Yuqori uzatmada joyidan qo‘zg‘alish va yuqori dvigatel aylanishida manevr qilish mufta yeyilishini oshiradi.,Yuqori uzatmada joyidan qo‘zg‘alish,Yuqori dvigatel aylanishida manevr qilish,Past uzatmada joyidan qo‘zg‘alish,
2.7.03-215,en,uz,How can you preserve the clutch components of motor vehicles with a manual gearbox?,"In order to protect the clutch components in motor vehicles with manual transmissions, put the vehicle in neutral while waiting, take your foot off the clutch pedal and maneuver at a low engine speed.","While waiting to move, I select the neutral gear and remove my foot from the clutch pedal",I manoeuvre using a low engine speed,I select a high gear when starting,,Qo‘lda uzatmali motorli transport vositalarida mufta qismlarini qanday asrash mumkin?,"Kutishda neytral uzatmaga qo‘yib, oyoqni mufta pedalidan oling. Manevrni past dvigatel aylanishida bajaring.",Harakatni kutayotganda neytral uzatmani tanlayman va oyog‘imni mufta pedalidan olaman,Past dvigatel aylanishida manevr qilaman,Joyidan qo‘zg‘alishda yuqori uzatmani tanlayman,
2.7.03-216,en,uz,What is the function of a differential lock (mechanically locked differential transmission)?,The differential lock improves traction when driving slowly off-road and on slippery roads because the drive torque is evenly distributed to the drive wheels.,- improves traction for low-speed off-road driving and on slippery road surfaces,- evenly distributes the torque to the driving wheels,- improves handling during cornering,,Differensial blokirovkasining vazifasi nima?,Mexanik bloklangan differensial yurituvchi g‘ildiraklarga momentni teng taqsimlaydi va sirpanchiq yo‘l hamda sekin off-road haydashda tortishni yaxshilaydi.,- sekin off-road haydashda va sirpanchiq yo‘l yuzalarida tortishni yaxshilaydi,- momentni yurituvchi g‘ildiraklarga teng taqsimlaydi,- burilishlarda boshqaruvni yaxshilaydi,
2.7.04-001,en,uz,What should I ensure when refilling with engine oil?,"Engine oil may only be used according to the specifications of the manufacturer. You are only allowed to refill the right oil. Make sure that you do not exceed the maximum permissible fill level, otherwise damage to the motor may occur. Never fill engine oil while the engine is running.",That I use engine oil that meets the vehicle manufacturer's specifications,That I do not exceed the maximum fill level,That I refill the engine oil while the engine is running,,Dvigatel moyini to‘ldirganda nimani ta’minlashim kerak?,Faqat transport vositasi ishlab chiqaruvchisi ko‘rsatmalariga mos dvigatel moyidan foydalaning. Maksimal to‘ldirish darajasidan oshirmang va dvigatel ishlayotgan paytda moy quymang.,Transport vositasi ishlab chiqaruvchisi talablariga mos dvigatel moyidan foydalanishim,Maksimal to‘ldirish darajasidan oshirmasligim,Dvigatel ishlayotgan paytda moy to‘ldirishim,
2.7.04-002,en,uz,What is the function of engine oil in a combustion engine?,"Engine oil has different effects on an internal combustion engine. It is used for wear protection, cooling and cleaning. Make sure the engine oil level is sufficient.",- wear protection,- cooling,- cleaning,,Ichki yonuv dvigatelida dvigatel moyining vazifasi nima?,"Dvigatel moyi ichki yonuv dvigatelida yeyilishdan himoya qiladi, sovutishga yordam beradi va tozalash vazifasini bajaradi.",- yeyilishdan himoya,- sovutish,- tozalash,
2.7.04-003,en,uz,How can you check the engine oil level?,"There is a sight glass where you can read the oil level. Otherwise, you can read it via an oil dipstick.",- sight-glass,- oil dipstick,- instant fuel consumption display,,Dvigatel moyi darajasini qanday tekshirish mumkin?,Moy darajasini ko‘rish oynachasi yoki moy o‘lchagich tayoqchasi orqali tekshirish mumkin.,- ko‘rish oynachasi orqali,- moy o‘lchagich tayoqchasi orqali,- joriy yoqilg‘i sarfi ko‘rsatkichi orqali,
2.7.04-101,en,uz,How can you check the engine oil level?,"Depending on the vehicle, the engine oil level can be checked in different ways. Modern vehicles can display the oil level in the infotainment system.",- driver information system,- oil dipstick,- instant fuel consumption display,,Dvigatel moyi darajasini qanday tekshirish mumkin?,Transport vositasiga qarab moy darajasi haydovchi axborot tizimi yoki moy o‘lchagich tayoqchasi orqali tekshiriladi.,- haydovchi axborot tizimi orqali,- moy o‘lchagich tayoqchasi orqali,- joriy yoqilg‘i sarfi ko‘rsatkichi orqali,
2.7.04-201,en,uz,Why does the coolant have to be checked for sufficient frost protection before winter begins?,A freezing of the coolant (extends) to avoid you should adequately check the antifreeze. So you avoid even damage to the cooling system in case of frost. The operating license of the vehicle does not go out by it.,So the coolant does not freeze,So the cooling system is not damaged by frost,So the vehicle's operating permit does not lapse,,Qish boshlanishidan oldin sovutish suyuqligida yetarli sovuqdan himoya borligini nega tekshirish kerak?,Sovutish suyuqligi muzlab qolmasligi va sovutish tizimi sovuqdan shikastlanmasligi uchun antifriz yetarliligini tekshirish kerak.,Sovutish suyuqligi muzlab qolmasligi uchun,Sovutish tizimi sovuqdan shikastlanmasligi uchun,Transport vositasining foydalanish ruxsatnomasi bekor bo‘lmasligi uchun,
2.7.04-203,en,uz,What are the functions of anti-freeze in the coolant system?,"Antifreeze protect against corrosion (rust) and protect the cooling system from freezing. In the summer months, this is not the case.",Anti-freeze protects against corrosion,Anti-freeze protects the cooling system against freezing,Anti-freeze causes corrosion in the summer months,,Sovutish tizimidagi antifrizning vazifalari nimalardan iborat?,Antifriz sovutish tizimini muzlashdan va korroziyadan himoya qiladi.,Antifriz korroziyadan himoya qiladi,Antifriz sovutish tizimini muzlashdan himoya qiladi,Antifriz yoz oylarida korroziyaga sabab bo‘ladi,
2.7.04-205,en,uz,Why do diesel and petrol engines need engine oil?,Motor oil is needed in diesel and gasoline engines because it serves to reduce the internal friction and thus the piston and the bearing is not fixed run. The lubricating water pump is irrelevant.,So pistons and bearings do not seize up,To reduce internal friction,To lubricate the water pump,,Nega dizel va benzin dvigatellariga dvigatel moyi kerak?,Dvigatel moyi ichki ishqalanishni kamaytiradi va porshen hamda podshipniklarning qotib qolishini oldini oladi.,Porshenlar va podshipniklar qotib qolmasligi uchun,Ichki ishqalanishni kamaytirish uchun,Suv nasosini moylash uchun,
2.7.04-206,en,uz,What are the requirements of lubricating oils for diesel engines?,"Lubricating oils of diesel engines are used for heat resistance, fluidity in cold weather and wear reduction.",They have to reduce wear,They have to be heat resistant,They have to be fluid during cold periods,,Dizel dvigatellari uchun moylash moylariga qanday talablar qo‘yiladi?,"Dizel dvigatel moylari yeyilishni kamaytirishi, issiqqa chidamli bo‘lishi va sovuqda ham oqimchan bo‘lishi kerak.",Ular yeyilishni kamaytirishi kerak,Ular issiqqa chidamli bo‘lishi kerak,Ular sovuq davrlarda oqimchan bo‘lishi kerak,
2.7.05-001,en,uz,"What is the meaning of the date of manufacture ""1217"" specified on the tyre?","The date of manufacture indicated on the tire is made up of the manufacturing week and the year of manufacture. So ""1217"" means: 12th week in the year 2017.",- manufactured in 12th calendar week of the year 2017,- manufactured in the 12th month (December) of the year 2017,- manufactured on the 1/2/2017,,Shinadagi “1217” ishlab chiqarilgan sana nimani anglatadi?,Shinadagi ishlab chiqarish sanasi hafta va yil bilan ko‘rsatiladi. “1217” — 2017-yilning 12-kalendar haftasida ishlab chiqarilgan degani.,- 2017-yilning 12-kalendar haftasida ishlab chiqarilgan,"- 2017-yilning 12-oyida, ya’ni dekabrda ishlab chiqarilgan",- 01.02.2017 da ishlab chiqarilgan,
